user_id,image_paths,user_claim,claim_object,evidence_standard_met,evidence_standard_met_reason,risk_flags,issue_type,object_part,claim_status,claim_status_justification,supporting_image_ids,valid_image,severity
user_001,images/sample/case_001/img_1.jpg,"Customer: Hi, I found new damage on my car after it was parked outside overnight. | Support: Sorry to hear that. Can you describe what changed? | Customer: The back of the car has a dent now. It was not there before. | Support: Did anything else break or is it mostly body damage? | Customer: Mostly the rear bumper area. I attached the photo I took this morning.",car,True,"The image set provides a clear view of the car's rear bumper, which shows visible damage. The image is relevant to the claim and grounded in the claimed object.",none,dent or scratch,rear bumper,supported,"The image shows a dent on the rear bumper of the car, which is consistent with the claim of a dent or scratch.",image_001,True,medium
user_002,images/sample/case_002/img_1.jpg;images/sample/case_002/img_2.jpg,"Customer: Parking lot mein meri car ko scrape lag gaya. | Support: Aap kis type ka damage report karna chahte hain? | Customer: Front side par mark aa gaya hai, bumper ke upar. | Support: Light damage hai ya body par scratch? | Customer: Light theek hai, front bumper par scratch hai. Photos upload kar diye hain.",car,True,"The image set provides a clear view of the car's front end, allowing for a thorough assessment of the claimed damage.",none,dent or scratch,car panel,not_enough_information,"The image does not provide a clear view of the car's front end, making it difficult to assess the extent of the damage. The angle and lighting in the image do not allow for a comprehensive evaluation of the claimed damage.",none,False,unknown
user_004,images/sample/case_003/img_1.jpg;images/sample/case_003/img_2.jpg,"Customer: I am opening a claim for my windshield. | Support: What happened? | Customer: A small stone hit it while I was driving and now there is a crack spreading from that spot. | Support: Is the car otherwise okay? | Customer: Yes, this is only about the front glass. I added the pictures I have.",car,True,"The image set provides a clear view of the car's windshield and the surrounding area, allowing for a thorough assessment of the damage. The angle and lighting in the images are sufficient to evaluate the claim.",none,"crack, broken, or missing part",windshield,supported,"The image shows a significant crack in the windshield of the car, which is consistent with the claim. The crack is clearly visible and appears to be the result of an impact, as suggested by the user history.",image_001; image_002,True,medium
user_007,images/sample/case_004/img_1.jpg,"Customer: Someone clipped my car while it was parked. | Support: What part was hit? | Customer: The side mirror got damaged. It is not sitting the way it should anymore. | Support: Was there any damage to the door too? | Customer: I did not notice anything else major, just the mirror.",car,True,"The image provides a clear view of the car's side, showing the dent and the surrounding area, which is sufficient to evaluate the claim.",none,dent or scratch,car panel,supported,"The image shows a visible dent on the car panel, which is consistent with the claim. The car's side is visible, and the dent is clearly identifiable.",image_001,True,medium
user_005,images/sample/case_005/img_1.jpg;images/sample/case_005/img_2.jpg,"Customer: I want to file this as bumper damage. | Support: Can you tell me what happened? | Customer: The car was tapped from behind and now the back looks damaged. | Support: Are you asking for review of the rear side? | Customer: Yes, the back bumper. It looks pretty bad to me, so I uploaded both photos.",car,True,"The image set provides a clear view of the car's rear bumper, allowing for a thorough assessment of the claimed damage.",user_history_risk,dent or scratch,rear bumper,not_enough_information,The image does not provide a clear view of the extent of the damage or the specific area of the bumper that is claimed to be damaged. The angle and lighting in the image do not allow for a precise assessment of the condition of the bumper.,none,False,unknown
user_006,images/sample/case_006/img_1.jpg,"Customer: Hi, I am not fully sure how to explain this because I noticed it only after reaching home. | Support: No problem, please tell me what happened. | Customer: There was a small bump earlier, nothing major, and I first thought everything was fine. Later I looked at the car again because my family member said the front area looked different. | Support: Are you reporting a general vehicle issue or a specific damaged part? | Customer: I was confused at first because I checked the side and the front and walked around the car a few times. I do not want to claim the wrong thing. | Support: That is okay. What part do you want reviewed? | Customer: After checking again, I think the issue is with the headlight. It looks like the headlight may be cracked, so please review that part.",car,True,"The image set provides a clear view of the car's side and the sun glare on the window, which allows for a thorough inspection of the claimed condition.",none,dent or scratch,car panel,supported,"The image shows a visible dent on the car panel, which is consistent with the claim description.",image_001,True,medium
user_003,images/sample/case_007/img_1.jpg;images/sample/case_007/img_2.jpg,"Customer: There is a dent along the side of my car. | Support: When did you notice it? | Customer: This morning, after the car had been parked near the gate. | Support: Is it near the front or back? | Customer: It is on the door panel area. I attached two photos from different distances.",car,True,"The image set provides a clear view of the car's side, allowing for a thorough assessment of the claimed damage. The image is of sufficient quality and angle to evaluate the condition of the car's side panel.",none,dent or scratch,side panel,supported,"The image shows a visible dent on the side panel of the car, which aligns with the claim description. The damage is clearly visible and appears to be consistent with the description provided.",image_003,True,medium
user_008,images/sample/case_008/img_1.jpg,"Customer: I picked up my car after service and noticed a mark on the hood. | Support: What kind of mark is it? | Customer: It looks like a scratch across the top panel. | Support: Do you think it happened during service? | Customer: Yes, that is why I am asking for review. The photo is attached.",car,True,"The image provides a clear view of the car's front end, showing the hood and the front bumper. This allows for a thorough inspection of the claimed damage.",user_history,dent or scratch,front bumper,supported,The image shows the car's front bumper with visible dents and scratches. The damage is clearly visible and can be assessed.,1,True,medium
user_009,images/sample/case_009/img_1.jpg,"Customer: My laptop fell from the table yesterday. | Support: Is it turning on? | Customer: It turns on, but the display glass has a crack now. | Support: Are you reporting the screen only or the whole laptop? | Customer: The screen is the issue. I attached a photo of it open.",laptop,True,"The image provides a clear view of the laptop's screen and keyboard, allowing for a thorough inspection of the claimed condition.",none,screen,screen,supported,"The image shows a cracked screen on the laptop, which is consistent with the claim.",image_001,True,medium
user_010,images/sample/case_010/img_1.jpg;images/sample/case_010/img_2.jpg,"Customer: The laptop no longer opens smoothly. | Support: What seems to be wrong mechanically? | Customer: The hinge area has broken and the screen wobbles. | Support: Did this happen after a drop? | Customer: Yes, it slipped from the sofa. I uploaded photos from the outside and side.",laptop,True,"The image provides a clear view of the laptop's screen and keyboard, which are relevant to the claim. The image is grounded in the claimed object and shows the screen and keyboard area with enough context to inspect the claimed condition.",none,screen,screen,supported,"The image shows a visible crack on the laptop screen, which is consistent with the claim of a cracked screen. The image is clear and provides sufficient evidence to support the claim.",image_001,True,medium
user_011,images/sample/case_011/img_1.jpg,"Customer: I spilled water near my laptop while working. | Support: What part was affected? | Customer: It went over the keys and left a stain. Some keys feel sticky now. | Support: Is the display damaged too? | Customer: No, this is about the keyboard area only.",laptop,True,"The image provides a clear view of the laptop keyboard, which is the relevant object part for the claim. The image shows water droplets on the keyboard, which is consistent with the claim of water damage.",none,water damage,keyboard,supported,"The image shows water droplets on the keyboard, which is consistent with the claim of water damage. The user history indicates that the user has a history of mostly accepted electronics damage claims, with a low number of rejected claims. The image is clear and relevant to the claim, and it provides visual evidence that is usable and grounded in the claimed object.",1,True,medium
user_012,images/sample/case_012/img_1.jpg;images/sample/case_012/img_2.jpg,"Customer: My laptop bag fell from a chair and hit the floor. | Support: What damage did you notice? | Customer: One corner of the laptop has a dent now. | Support: Does the laptop still work? | Customer: It works, but the outer corner is damaged. I added two photos.",laptop,False,"The image provided does not show the laptop clearly enough to inspect the claimed condition. The image is rotated and the laptop is not fully visible, making it difficult to assess the condition of the laptop hinge, lid, corner, body, base, or port.",none,cosmetic,laptop,not_enough_information,"The image does not provide sufficient visual evidence to evaluate the claim. The image is not clear enough to inspect the claimed object or part, and it does not show the laptop in a way that would allow for a proper assessment of the condition of the hinge, lid, corner, body, base, or port.",none,False,none
user_018,images/sample/case_013/img_1.jpg,"Customer: I am not sure if this should be a repair claim or a replacement claim, so I wanted to ask first. | Support: We can help. What device is this about? | Customer: It is my laptop. I carry it every day, and yesterday my bag got pressed between two seats during travel. At first I thought the laptop was okay because it still opened. | Support: What changed after that? | Customer: Later, while using it, I noticed marks on the display area. I restarted it twice because I thought it might just be something on the screen, but it still bothered me. | Support: Are you reporting keyboard, hinge, body, or screen damage? | Customer: Not the keyboard or hinge. The issue I want checked is the screen. It looks shattered to me, so I am submitting this as screen damage.",laptop,True,"The image provides a clear view of the laptop screen, which is the claimed object part. The image shows the screen with visible cracks, which is the claimed issue type.",none,screen,screen,supported,"The image shows the screen with visible cracks, which is consistent with the claim of a cracked screen. The user history indicates that the user has a history of mostly accepted claims with one contradiction, and the claim has been manually reviewed. The image is clear and relevant to the claim, and it provides sufficient visual evidence to support the claim.",image_001,True,medium
user_020,images/sample/case_014/img_1.jpg,Customer: The laptop trackpad has stopped working properly. | Support: Did anything happen before it stopped working? | Customer: The front area hit the desk edge when I moved it. | Support: Are you reporting internal function or physical damage? | Customer: Physical damage around the trackpad area. I attached the photo for review.,laptop,True,"The image provides a clear view of the laptop's keyboard area, which is relevant to the claim. The image is grounded in the claimed object and shows the claimed object or part clearly enough to evaluate the claim.",limited_history,keyboard,keyboard,supported,"The image shows a visible issue on the keyboard area of the laptop, which is consistent with the claim. The image is clear and provides sufficient detail to support the claim.",image_001,True,medium
user_015,images/sample/case_015/img_1.jpg,Customer: My delivery box arrived damaged. | Support: What part of the package was affected? | Customer: One corner was crushed in when I received it. | Support: Is the item inside part of this claim? | Customer: Not right now. I am reporting the package corner damage.,package,True,"The image provides a clear view of the package exterior and the claimed side, corner, flap, or seal, which is sufficient to inspect packaging damage.",none,crushed,package exterior,supported,"The image shows visible damage to the package exterior, which is consistent with the claim of crushing. The damage is clearly visible and appears to be the result of a shipping incident.",image_001,True,medium
user_030,images/sample/case_016/img_1.jpg;images/sample/case_016/img_2.jpg,"Customer: Package receive hua toh opened jaisa lag raha tha. | Support: Tape broken tha ya box crush hua tha? | Customer: Seal wali side phati hui thi, jaise parcel khola gaya ho. | Support: Kya andar ka item missing hai? | Customer: Abhi item missing claim nahi kar raha, sirf torn packaging review karwana hai.",package,True,"The image provides a clear view of the package, showing the damage to the box and the contents inside. This allows for a thorough assessment of the claim.",none,crushed,box,supported,"The image shows the package with visible damage to the box, which is consistent with the claim of a crushed package. The contents inside the box are also visible and appear to be intact, which supports the claim that the contents were not damaged.",image_001,True,medium
user_031,images/sample/case_017/img_1.jpg,"Customer: I received a package that looks water damaged. | Support: Was the item inside wet too? | Customer: I have not opened everything yet, but the outside has a wet-looking stain. | Support: So the claim is about the package condition? | Customer: Yes, the package surface looked damaged when it arrived.",package,True,"The image provides a clear view of the package exterior and the claimed side, corner, flap, or seal, which is sufficient to inspect packaging damage.",prior package claims often needed evidence review.,"crushed, torn, or seal damage",package exterior,supported,"The image shows visible damage to the package exterior, which is consistent with the claimed condition of 'crushed, torn, or seal damage'. The damage is clearly visible and appears to be the result of shipping mishandling.",image_001,True,medium
user_032,images/sample/case_018/img_1.jpg;images/sample/case_018/img_2.jpg,Customer: The item I ordered was not inside the box. | Support: Did the package look opened when you received it? | Customer: I checked it after delivery and could not find the product inside. | Support: What are you asking us to verify? | Customer: Please verify that the contents are missing from the package.,package,True,"The image set provides a clear view of the package exterior and the claimed side, corner, flap, or seal, which is sufficient to evaluate the claim.",none,seal damage,seal,supported,"The image shows a package with a damaged seal, which is consistent with the claim of seal damage. The package is open, and the seal is visibly torn, which is the issue type claimed.",image_001,True,medium
user_033,images/sample/case_019/img_1.jpg,Customer: The shipping box arrived in bad condition. | Support: What kind of condition issue are you reporting? | Customer: It looked badly crushed when it was delivered. | Support: Is the claim about the outside box or the product inside? | Customer: The outside box. I want the crushed box reviewed.,package,True,"The image provides a clear view of the package and its condition, allowing for a thorough inspection of the claimed damage.",user_history_risk,seal damage,seal,contradicted,The image does not show any visible damage to the seal of the package. The seal appears intact and there are no signs of tampering or damage.,none,True,none
user_034,images/sample/case_020/img_1.jpg;images/sample/case_020/img_2.jpg,Customer: My delivery box arrived opened. | Support: Was the package crushed or was the seal affected? | Customer: The seal area looked torn when I received it. | Support: Are you asking us to review the package condition or the item inside? | Customer: The package condition. I want the torn-open package reviewed.,package,True,"The image provides a clear view of the package and the tape seal, allowing for a thorough inspection of the claimed damage.",none,seal damage,seal,supported,"The image shows a package with a tape seal that appears to be damaged, which aligns with the claim for seal damage. The tape seal is a crucial part of the package's integrity, and its damage is visible and clear.",image_001,True,medium
